MDVP:Fo(Hz),MDVP:Fhi(Hz),MDVP:Flo(Hz),MDVP:Jitter(%),MDVP:Shimmer,HNR,spread1,D2,status,name
119.992,157.302,74.997,0.00784,0.04374,21.033,-4.813031,2.301442,1,phon_R01_S01_1
122.4,148.65,113.819,0.00968,0.06134,19.085,-6.442109,2.486855,0,phon_R01_S01_2
